{"cameraMode":{"drawMode":0,"name":"Shaded","section":"Shading Mode"},"sceneLighting":false,"audioPlay":false,"sceneViewState":{"m_AlwaysRefresh":false,"showFog":true,"showSkybox":false,"showFlares":true,"showImageEffects":true,"showParticleSystems":true,"showVisualEffectGraphs":true,"m_FxEnabled":true},"in2DMode":false,"pivot":{"x":0.18054628372192384,"y":0.01999962329864502,"z":0.0870598554611206},"rotation":{"x":-0.32936376333236697,"y":0.27927008271217348,"z":-0.10263610631227493,"w":-0.8961389064788818},"size":1.3485318422317505,"orthographic":false}