{"cameraMode":{"drawMode":0,"name":"Shaded","section":"Shading Mode"},"sceneLighting":true,"audioPlay":false,"sceneViewState":{"m_AlwaysRefresh":false,"showFog":true,"showSkybox":true,"showFlares":true,"showImageEffects":true,"showParticleSystems":true,"showVisualEffectGraphs":true,"m_FxEnabled":true},"in2DMode":false,"pivot":{"x":7.3609299659729,"y":12.188936233520508,"z":-0.7915570139884949},"rotation":{"x":-0.5492187738418579,"y":0.003761095693334937,"z":-0.0024632837157696487,"w":-0.8357129096984863},"size":0.20655028522014619,"orthographic":false}