{"cameraMode":{"drawMode":0,"name":"Shaded","section":"Shading Mode"},"sceneLighting":true,"audioPlay":false,"sceneViewState":{"m_AlwaysRefresh":false,"showFog":true,"showSkybox":true,"showFlares":true,"showImageEffects":true,"showParticleSystems":true,"showVisualEffectGraphs":true,"m_FxEnabled":true},"in2DMode":false,"pivot":{"x":1.0535376071929932,"y":-1.796114444732666,"z":11.703391075134278},"rotation":{"x":-0.47505807876586916,"y":0.008211475796997548,"z":-0.004360607359558344,"w":-0.8799942135810852},"size":5.697266101837158,"orthographic":false}