{"cameraMode":{"drawMode":0,"name":"Shaded","section":"Shading Mode"},"sceneLighting":false,"audioPlay":false,"sceneViewState":{"m_AlwaysRefresh":false,"showFog":true,"showSkybox":false,"showFlares":true,"showImageEffects":true,"showParticleSystems":true,"showVisualEffectGraphs":true,"m_FxEnabled":true},"in2DMode":false,"pivot":{"x":-19.44290542602539,"y":0.050000011920928958,"z":22.561464309692384},"rotation":{"x":-0.29840198159217837,"y":0.012328661978244782,"z":-0.003792642382904887,"w":-0.9544624090194702},"size":0.6928198933601379,"orthographic":false}